timestamp,processId,threadId,parentProcessId,userId,mountNamespace,processName,hostName,eventId,eventName,stackAddresses,argsNum,returnValue,args,sus,evil,is_suspicious
3338.925631,1,7393,1,0,0,sshd,ip-10-100-1-120,1005,security_file_open,[],4,0,"[{'name': 'pathname', 'type': 'const char*', 'value': '/etc/pam.d/common-account'}, {'name': 'flags', 'type': 'int', 'value': 'O_RDONLY|O_LARGEFILE'}, {'name': 'dev', 'type': 'dev_t', 'value': 211812353}, {'name': 'inode', 'type': 'unsigned long', 'value': 560}]",0,0,0
3338.707994,1,7393,1,0,0,sshd,ip-10-100-1-120,1005,security_file_open,[],4,0,"[{'name': 'pathname', 'type': 'const char*', 'value': '/usr/lib/x86_64-linux-gnu/libdl-2.31.so'}, {'name': 'flags', 'type': 'int', 'value': 'O_RDONLY|O_LARGEFILE'}, {'name': 'dev', 'type': 'dev_t', 'value': 211812353}, {'name': 'inode', 'type': 'unsigned long', 'value': 3430}]",0,0,0
3385.277662,1,7616,1,0,0,ps,ip-10-100-1-57,1005,security_file_open,[],4,0,"[{'name': 'pathname', 'type': 'const char*', 'value': '/proc/25/stat'}, {'name': 'flags', 'type': 'int', 'value': 'O_RDONLY|O_LARGEFILE'}, {'name': 'dev', 'type': 'dev_t', 'value': 5}, {'name': 'inode', 'type': 'unsigned long', 'value': 45206}]",0,0,0
3133.60039,1,7419,1,0,0,ps,ip-10-100-1-55,1005,security_file_open,[],4,0,"[{'name': 'pathname', 'type': 'const char*', 'value': '/proc/3976/status'}, {'name': 'flags', 'type': 'unsigned long', 'value': 'O_RDONLY|O_LARGEFILE'}, {'name': 'dev', 'type': 'dev_t', 'value': 5}, {'name': 'inode', 'type': 'unsigned long', 'value': 39013}]",0,0,0
620.143216,1,502,0,0,1,systemd-logind,ip-10-100-1-120,41,socket,"[140082941880587, 140082938714361]",3,1,"[{'name': 'domain', 'type': 'int', 'value': 'AF_UNIX'}, {'name': 'type', 'type': 'int', 'value': 'SOCK_DGRAM|SOCK_CLOEXEC'}, {'name': 'protocol', 'type': 'int', 'value': 0}]",0,0,0
896.678054,1,7334,1,0,0,ps,ip-10-100-1-34,3,close,[],1,0,"[{'name': 'fd', 'type': 'int', 'value': 3}]",0,0,0
133.694827,1,822,0,1,0,systemd,ip-10-100-1-57,3,close,[],1,0,"[{'name': 'fd', 'type': 'int', 'value': 8}]",1,0,1
1822.069803,1,7387,1,0,1,systemd-udevd,ubuntu,3,close,[],1,0,"[{'name': 'fd', 'type': 'int', 'value': 6}]",0,0,0
409.531255,1,7293,1,0,1,systemd-udevd,ubuntu,257,openat,[],4,1,"[{'name': 'dirfd', 'type': 'int', 'value': -100}, {'name': 'pathname', 'type': 'const char*', 'value': '/sys/devices/virtual/dmi/id/sys_vendor'}, {'name': 'flags', 'type': 'int', 'value': 'O_RDONLY|O_CLOEXEC'}, {'name': 'mode', 'type': 'mode_t', 'value': 4038590123}]",0,0,0
1393.048277,1,7358,1,0,0,amazon-ssm-agen,ip-10-100-1-28,1004,security_bprm_check,[],3,0,"[{'name': 'pathname', 'type': 'const char*', 'value': '/usr/bin/ps'}, {'name': 'dev', 'type': 'dev_t', 'value': 211812353}, {'name': 'inode', 'type': 'unsigned long', 'value': 1654}]",0,0,0
2638.375174,1,7409,1,0,0,ps,ip-10-100-1-34,1005,security_file_open,[],4,0,"[{'name': 'pathname', 'type': 'const char*', 'value': '/proc/581/status'}, {'name': 'flags', 'type': 'int', 'value': 'O_RDONLY|O_LARGEFILE'}, {'name': 'dev', 'type': 'dev_t', 'value': 5}, {'name': 'inode', 'type': 'unsigned long', 'value': 39180}]",0,0,0
903.57672,1,7303,0,0,0,systemd-tmpfile,ip-10-100-1-120,217,getdents64,[],3,0,"[{'name': 'fd', 'type': 'int', 'value': 5}, {'name': 'dirp', 'type': 'struct linux_dirent64*', 'value': '0x562A6714B5B0'}, {'name': 'count', 'type': 'size_t', 'value': 32768}]",0,0,0
523.027365,1,7295,1,0,0,ps,ip-10-100-1-120,257,openat,[],4,1,"[{'name': 'dirfd', 'type': 'int', 'value': -100}, {'name': 'pathname', 'type': 'const char*', 'value': '/proc/6/status'}, {'name': 'flags', 'type': 'int', 'value': 'O_RDONLY'}, {'name': 'mode', 'type': 'int*', 'value': 1800052395}]",0,0,0
134.423855,1,837,0,1,0,systemd,ip-10-100-1-120,3,close,[],1,0,"[{'name': 'fd', 'type': 'int', 'value': 24}]",1,0,1
2887.834622,1,7559,1,0,0,ps,ip-10-100-1-57,257,openat,[],4,1,"[{'name': 'dirfd', 'type': 'int', 'value': -100}, {'name': 'pathname', 'type': 'const char*', 'value': '/proc/270/status'}, {'name': 'flags', 'type': 'int', 'value': 'O_RDONLY'}, {'name': 'mode', 'type': 'mode_t', 'value': 1179266731}]",0,0,0
404.490517,1,7298,1,0,1,systemd-udevd,ubuntu,5,fstat,[],2,0,"[{'name': 'fd', 'type': 'int', 'value': 6}, {'name': 'statbuf', 'type': 'struct stat*', 'value': '0x7FFDE8C1D530'}]",0,0,0
3028.36578,1,7580,1,0,0,sshd,ip-10-100-1-57,5,fstat,[],2,0,"[{'name': 'fd', 'type': 'int', 'value': 4}, {'name': 'statbuf', 'type': 'struct stat*', 'value': '0x7FFFC8854500'}]",0,0,0
771.816712,1,7300,1,0,0,ps,ip-10-100-1-120,257,openat,[],4,1,"[{'name': 'dirfd', 'type': 'int', 'value': -100}, {'name': 'pathname', 'type': 'const char*', 'value': '/proc/18/stat'}, {'name': 'flags', 'type': 'int', 'value': 'O_RDONLY'}, {'name': 'mode', 'type': 'int*', 'value': 1343463083}]",0,0,0
2950.000728,1,7564,1,0,0,ps,ip-10-100-1-57,257,openat,[],4,1,"[{'name': 'dirfd', 'type': 'int', 'value': -100}, {'name': 'pathname', 'type': 'const char*', 'value': '/proc/76/stat'}, {'name': 'flags', 'type': 'int', 'value': 'O_RDONLY'}, {'name': 'mode', 'type': 'mode_t', 'value': 2194824875}]",0,0,0
2078.919252,1,7361,1,0,0,ps,ip-10-100-1-173,5,fstat,[],2,0,"[{'name': 'fd', 'type': 'int', 'value': 1}, {'name': 'statbuf', 'type': 'struct stat*', 'value': '0x7FFC97379D20'}]",0,0,0
135.033126,1,812,0,1,0,systemd,ip-10-100-1-173,257,openat,[],4,2,"[{'name': 'dirfd', 'type': 'int', 'value': -100}, {'name': 'pathname', 'type': 'const char*', 'value': '/sys/fs/cgroup/unified/user.slice/user-1000.slice/user@1000.service/systemd-exit.service/cgroup.procs'}, {'name': 'flags', 'type': 'int', 'value': 'O_RDONLY|O_CLOEXEC'}, {'name': 'mode', 'type': 'mode_t', 'value': 2593906347}]",1,0,1
3894.63546,1,7447,1,0,0,sshd,ip-10-100-1-120,3,close,[],1,0,"[{'name': 'fd', 'type': 'int', 'value': 4}]",0,0,0
1171.941708,1,7361,1,0,0,sshd,ip-10-100-1-55,5,fstat,[],2,0,"[{'name': 'fd', 'type': 'int', 'value': 3}, {'name': 'statbuf', 'type': 'struct stat*', 'value': '0x7FFEB771EF80'}]",0,0,0
274.373004,1,7278,1,0,0,ps,ip-10-100-1-120,3,close,"[139990654273927, 2048, 3544389192829247529]",1,0,"[{'name': 'fd', 'type': 'int', 'value': 9}]",0,0,0
2733.284409,1,7620,1,0,1,systemd-udevd,ubuntu,257,openat,[],4,1,"[{'name': 'dirfd', 'type': 'int', 'value': 6}, {'name': 'pathname', 'type': 'const char*', 'value': 'sys'}, {'name': 'flags', 'type': 'int', 'value': 'O_RDONLY|O_NOFOLLOW|O_CLOEXEC|O_PATH'}, {'name': 'mode', 'type': 'int', 'value': 1679794214}]",0,0,0
915.547924,1,681,0,0,0,snapd,ip-10-100-1-34,217,getdents64,"[94216490760928, 94216490734715, 94216490857711, 94216490866593, 94216490865088, 94216494243169, 94216494244444, 94216494244444, 94216494244444, 94216494241091, 94216494249647, 94216494251665, 94216494232035, 94216494232916, 94216497559301, 94216497559926, 94216497106841, 94216497269687, 94216498717431, 94216498719910]",3,1,"[{'name': 'fd', 'type': 'int', 'value': 9}, {'name': 'dirp', 'type': 'struct linux_dirent64*', 'value': '0xC4207DF000'}, {'name': 'count', 'type': 'size_t', 'value': 4096}]",0,0,0
684.602502,1,7307,1,0,1,systemd-udevd,ubuntu,5,fstat,[140501008774793],2,0,"[{'name': 'fd', 'type': 'int', 'value': 6}, {'name': 'statbuf', 'type': 'struct stat*', 'value': '0x7FFD5B5BA660'}]",0,0,0
134.423946,1,837,0,1,0,systemd,ip-10-100-1-120,3,close,[],1,0,"[{'name': 'fd', 'type': 'int', 'value': 4}]",1,0,1
2071.898807,1,7471,1,0,0,sshd,ip-10-100-1-57,5,fstat,[],2,0,"[{'name': 'fd', 'type': 'int', 'value': 8}, {'name': 'statbuf', 'type': 'struct stat*', 'value': '0x7FFF60AEC450'}]",0,0,0
2387.385355,1,7406,1,0,0,ps,ip-10-100-1-55,1005,security_file_open,[],4,0,"[{'name': 'pathname', 'type': 'const char*', 'value': '/proc/159/cmdline'}, {'name': 'flags', 'type': 'unsigned long', 'value': 'O_RDONLY|O_LARGEFILE'}, {'name': 'dev', 'type': 'dev_t', 'value': 5}, {'name': 'inode', 'type': 'unsigned long', 'value': 38914}]",0,0,0
1388.503725,1,7390,1,0,0,sshd,ip-10-100-1-57,257,openat,[],4,1,"[{'name': 'dirfd', 'type': 'int', 'value': -100}, {'name': 'pathname', 'type': 'const char*', 'value': '/etc/nsswitch.conf'}, {'name': 'flags', 'type': 'int', 'value': 'O_RDONLY|O_CLOEXEC'}, {'name': 'mode', 'type': 'mode_t', 'value': 3992495708}]",0,0,0
1269.509261,1,7326,1,0,0,ps,ip-10-100-1-120,3,close,"[139819964598663, 2048, 4192903421456249455]",1,0,"[{'name': 'fd', 'type': 'int', 'value': 9}]",0,0,0
1394.228925,1,7367,1,0,0,ps,ip-10-100-1-34,257,openat,[],4,1,"[{'name': 'dirfd', 'type': 'int', 'value': -100}, {'name': 'pathname', 'type': 'const char*', 'value': '/proc/6/cmdline'}, {'name': 'flags', 'type': 'int', 'value': 'O_RDONLY'}, {'name': 'mode', 'type': 'mode_t', 'value': 3643981483}]",0,0,0
684.534017,1,7306,1,0,1,systemd-udevd,ubuntu,21,access,"[140501008777899, 94285636512496]",2,2,"[{'name': 'pathname', 'type': 'const char*', 'value': '/sys/bus/dmi/devices/id'}, {'name': 'mode', 'type': 'mode_t', 'value': 'F_OK'}]",0,0,0
133.68212,1,822,0,1,0,systemd,ip-10-100-1-57,3,close,[],1,0,"[{'name': 'fd', 'type': 'int', 'value': 31}]",1,0,1
1827.599457,1,7395,1,0,0,ps,ip-10-100-1-55,5,fstat,[],2,0,"[{'name': 'fd', 'type': 'int', 'value': 4}, {'name': 'statbuf', 'type': 'struct stat*', 'value': '0x7FFE03589BC0'}]",0,0,0
404.4254,1,7299,1,0,1,systemd-udevd,ubuntu,257,openat,[],4,1,"[{'name': 'dirfd', 'type': 'int', 'value': 15}, {'name': 'pathname', 'type': 'const char*', 'value': 'devices'}, {'name': 'flags', 'type': 'unsigned int', 'value': 'O_RDONLY|O_NOFOLLOW|O_CLOEXEC|O_PATH'}, {'name': 'mode', 'type': 'mode_t', 'value': 3372970022}]",0,0,0
2310.371492,1,7492,1,0,0,sshd,ip-10-100-1-57,1005,security_file_open,"[139753364446891, 8317981795760173871]",4,0,"[{'name': 'pathname', 'type': 'const char*', 'value': '/etc/ssh/ssh_host_ed25519_key'}, {'name': 'flags', 'type': 'int', 'value': 'O_RDONLY|O_LARGEFILE'}, {'name': 'dev', 'type': 'dev_t', 'value': 211812353}, {'name': 'inode', 'type': 'unsigned long', 'value': 61068}]",0,0,0
3928.821567,1,7450,1,0,0,sshd,ip-10-100-1-120,3,close,[],1,0,"[{'name': 'fd', 'type': 'int', 'value': 5}]",0,0,0
1876.229654,1,7446,1,0,0,sshd,ip-10-100-1-57,5,fstat,[139753338459785],2,0,"[{'name': 'fd', 'type': 'int', 'value': 3}, {'name': 'statbuf', 'type': 'struct stat*', 'value': '0x7FFF4EE0A530'}]",0,0,0
1456.890472,1,7348,1,0,0,ps,ip-10-100-1-173,1005,security_file_open,"[140325193072299, 7308895159531168559]",4,0,"[{'name': 'pathname', 'type': 'const char*', 'value': '/proc/79/cmdline'}, {'name': 'flags', 'type': 'int', 'value': 'O_RDONLY|O_LARGEFILE'}, {'name': 'dev', 'type': 'dev_t', 'value': 5}, {'name': 'inode', 'type': 'unsigned long', 'value': 38761}]",0,0,0
133.676927,1,822,0,1,0,systemd,ip-10-100-1-57,257,openat,[],4,2,"[{'name': 'dirfd', 'type': 'int', 'value': -100}, {'name': 'pathname', 'type': 'const char*', 'value': '/sys/fs/cgroup/unified/user.slice/user-1000.slice/user@1000.service/gpg-agent-extra.socket'}, {'name': 'flags', 'type': 'int', 'value': 'O_RDONLY|O_NONBLOCK|O_DIRECTORY|O_CLOEXEC'}, {'name': 'mode', 'type': 'mode_t', 'value': 1158358620}]",1,0,1
3508.928329,1,7425,1,0,0,ps,ip-10-100-1-34,257,openat,[],4,1,"[{'name': 'dirfd', 'type': 'int', 'value': -100}, {'name': 'pathname', 'type': 'const char*', 'value': '/proc/104/cmdline'}, {'name': 'flags', 'type': 'int', 'value': 'O_RDONLY'}, {'name': 'mode', 'type': 'mode_t', 'value': 2711408299}]",0,0,0
956.961934,1,7357,1,0,0,ps,ip-10-100-1-55,1005,security_file_open,"[140006846471851, 7308895159531168559]",4,0,"[{'name': 'pathname', 'type': 'const char*', 'value': '/proc/73/cmdline'}, {'name': 'flags', 'type': 'unsigned long', 'value': 'O_RDONLY|O_LARGEFILE'}, {'name': 'dev', 'type': 'dev_t', 'value': 5}, {'name': 'inode', 'type': 'unsigned long', 'value': 38839}]",0,0,0
1356.671181,1,7348,1,0,1,systemd-udevd,ubuntu,257,openat,"[139743267876523, 2329578503059742820]",4,1,"[{'name': 'dirfd', 'type': 'int', 'value': -100}, {'name': 'pathname', 'type': 'const char*', 'value': '/'}, {'name': 'flags', 'type': 'int', 'value': 'O_RDONLY|O_DIRECTORY|O_CLOEXEC|O_PATH'}, {'name': 'mode', 'type': 'mode_t', 'value': 2211933867}]",0,0,0
2699.293908,1,7383,1,0,0,ps,ip-10-100-1-28,3,close,[],1,0,"[{'name': 'fd', 'type': 'int', 'value': 9}]",0,0,0
584.611847,1,7317,1,0,0,ps,ip-10-100-1-28,3,close,"[140718848338311, 2048, 750803032801113193]",1,0,"[{'name': 'fd', 'type': 'int', 'value': 9}]",0,0,0
1828.465479,1,7368,1,0,0,ps,ip-10-100-1-28,1005,security_file_open,"[140067848056491, 7308895159531168559]",4,0,"[{'name': 'pathname', 'type': 'const char*', 'value': '/proc/72/cmdline'}, {'name': 'flags', 'type': 'int', 'value': 'O_RDONLY|O_LARGEFILE'}, {'name': 'dev', 'type': 'dev_t', 'value': 5}, {'name': 'inode', 'type': 'unsigned long', 'value': 38811}]",0,0,0
135.044617,1,812,0,1,0,systemd,ip-10-100-1-173,3,close,"[140259045946539, 1]",1,0,"[{'name': 'fd', 'type': 'int', 'value': 9}]",1,0,1
409.147137,1,7285,1,0,1,systemd-udevd,ubuntu,3,close,[],1,0,"[{'name': 'fd', 'type': 'int', 'value': 6}]",0,0,0
134.172833,1,7273,1,0,1,systemd-udevd,ubuntu,3,close,[],1,0,"[{'name': 'fd', 'type': 'int', 'value': 15}]",0,0,0
1851.305338,1,7377,1,0,1,systemd-udevd,ubuntu,3,close,[],1,0,"[{'name': 'fd', 'type': 'int', 'value': 15}]",0,0,0
3569.854733,1,7412,1,0,0,ps,ip-10-100-1-28,1005,security_file_open,[],4,0,"[{'name': 'pathname', 'type': 'const char*', 'value': '/proc/21/stat'}, {'name': 'flags', 'type': 'int', 'value': 'O_RDONLY|O_LARGEFILE'}, {'name': 'dev', 'type': 'dev_t', 'value': 5}, {'name': 'inode', 'type': 'unsigned long', 'value': 38791}]",0,0,0
3758.299566,1,7399,1,0,0,ps,ip-10-100-1-173,3,close,"[140481197861255, 2048, 8029185179638395765]",1,0,"[{'name': 'fd', 'type': 'int', 'value': 9}]",0,0,0
404.220011,1,7291,1,0,1,systemd-udevd,ubuntu,257,openat,[140225374564390],4,1,"[{'name': 'dirfd', 'type': 'int', 'value': 15}, {'name': 'pathname', 'type': 'const char*', 'value': 'id'}, {'name': 'flags', 'type': 'int', 'value': 'O_RDONLY|O_NOFOLLOW|O_CLOEXEC|O_PATH'}, {'name': 'mode', 'type': 'int*', 'value': 3282284582}]",0,0,0
140.433579,1,812,0,1,0,systemd,ip-10-100-1-28,3,close,[140397321206151],1,0,"[{'name': 'fd', 'type': 'int', 'value': 15}]",1,0,1
133.844736,1,7266,1,0,1,systemd-udevd,ubuntu,257,openat,"[139692889304747, 3111813020014358390]",4,2,"[{'name': 'dirfd', 'type': 'int', 'value': -100}, {'name': 'pathname', 'type': 'const char*', 'value': '/run/udev/data/+cgroup:task_delay_info(1029:session-4.scope)'}, {'name': 'flags', 'type': 'unsigned int', 'value': 'O_RDONLY|O_CLOEXEC'}, {'name': 'mode', 'type': 'mode_t', 'value': 3372969643}]",0,0,0
903.707352,1,7345,1,0,1,systemd-udevd,ubuntu,3,close,[],1,0,"[{'name': 'fd', 'type': 'int', 'value': 15}]",0,0,0
3755.229512,1,7430,1,0,0,ps,ip-10-100-1-55,257,openat,"[140703552073387, 7308895159531168559]",4,1,"[{'name': 'dirfd', 'type': 'int', 'value': -100}, {'name': 'pathname', 'type': 'const char*', 'value': '/proc/76/cmdline'}, {'name': 'flags', 'type': 'unsigned long', 'value': 'O_RDONLY'}, {'name': 'mode', 'type': 'int*', 'value': 423456427}]",0,0,0
3029.731183,1,7580,1,0,0,sshd,ip-10-100-1-57,217,getdents64,[],3,0,"[{'name': 'fd', 'type': 'int', 'value': 8}, {'name': 'dirp', 'type': 'struct linux_dirent64*', 'value': '0x55CC6A46DAE0'}, {'name': 'count', 'type': 'size_t', 'value': 32768}]",0,0,0
1643.048856,1,7372,1,0,0,ps,ip-10-100-1-34,3,close,"[140359678351751, 29801]",1,0,"[{'name': 'fd', 'type': 'int', 'value': 9}]",0,0,0
895.676534,1,7323,1,0,0,ps,ip-10-100-1-28,257,openat,[],4,1,"[{'name': 'dirfd', 'type': 'int', 'value': -100}, {'name': 'pathname', 'type': 'const char*', 'value': '/proc/504/cmdline'}, {'name': 'flags', 'type': 'int', 'value': 'O_RDONLY'}, {'name': 'mode', 'type': 'mode_t', 'value': 2426166955}]",0,0,0
134.39814,1,837,0,1,0,systemd,ip-10-100-1-120,1005,security_file_open,[],4,0,"[{'name': 'pathname', 'type': 'const char*', 'value': '/usr/lib/systemd/user/systemd-exit.service'}, {'name': 'flags', 'type': 'int', 'value': 'O_RDONLY|O_LARGEFILE'}, {'name': 'dev', 'type': 'dev_t', 'value': 211812353}, {'name': 'inode', 'type': 'unsigned long', 'value': 3341}]",1,0,1
3322.282482,1,7422,1,0,0,ps,ip-10-100-1-34,257,openat,[],4,1,"[{'name': 'dirfd', 'type': 'int', 'value': -100}, {'name': 'pathname', 'type': 'const char*', 'value': '/usr/lib/locale/C.UTF-8/LC_IDENTIFICATION'}, {'name': 'flags', 'type': 'int', 'value': 'O_RDONLY|O_CLOEXEC'}, {'name': 'mode', 'type': 'mode_t', 'value': 3390768732}]",0,0,0
1851.831429,1,7376,1,0,1,systemd-udevd,ubuntu,21,access,[],2,0,"[{'name': 'pathname', 'type': 'const char*', 'value': '/sys/devices/virtual/dmi/id/uevent'}, {'name': 'mode', 'type': 'mode_t', 'value': 'F_OK'}]",0,0,0
212.180807,1,1408,0,0,0,amazon-ssm-agen,ip-10-100-1-79,1005,security_file_open,"[94522908836234, 94522908970657, 94522908963573, 94522913028174, 94522913030927, 94522913030461, 94522913034979, 94522914669450, 94522914668589, 94522914666356, 94522914809020, 94522914808789, 94522914820078, 94522908492049]",4,0,"[{'name': 'pathname', 'type': 'const char*', 'value': '/dev/null'}, {'name': 'flags', 'type': 'int', 'value': 'O_RDONLY|O_LARGEFILE'}, {'name': 'dev', 'type': 'dev_t', 'value': 6}, {'name': 'inode', 'type': 'unsigned long', 'value': 6}]",0,0,0
3196.790819,1,7405,1,0,0,ps,ip-10-100-1-28,1005,security_file_open,"[140666861817515, 8319683848551214900]",4,0,"[{'name': 'pathname', 'type': 'const char*', 'value': '/proc/654/status'}, {'name': 'flags', 'type': 'int', 'value': 'O_RDONLY|O_LARGEFILE'}, {'name': 'dev', 'type': 'dev_t', 'value': 5}, {'name': 'inode', 'type': 'unsigned long', 'value': 38972}]",0,0,0
771.845123,1,7300,1,0,0,ps,ip-10-100-1-120,1005,security_file_open,[],4,0,"[{'name': 'pathname', 'type': 'const char*', 'value': '/proc/82/status'}, {'name': 'flags', 'type': 'int', 'value': 'O_RDONLY|O_LARGEFILE'}, {'name': 'dev', 'type': 'dev_t', 'value': 5}, {'name': 'inode', 'type': 'unsigned long', 'value': 38782}]",0,0,0
2387.395006,1,7406,1,0,0,ps,ip-10-100-1-55,1005,security_file_open,[],4,0,"[{'name': 'pathname', 'type': 'const char*', 'value': '/proc/272/stat'}, {'name': 'flags', 'type': 'unsigned long', 'value': 'O_RDONLY|O_LARGEFILE'}, {'name': 'dev', 'type': 'dev_t', 'value': 5}, {'name': 'inode', 'type': 'unsigned long', 'value': 38933}]",0,0,0
134.400145,1,837,0,1,0,systemd,ip-10-100-1-120,257,openat,[],4,1,"[{'name': 'dirfd', 'type': 'int', 'value': -100}, {'name': 'pathname', 'type': 'const char*', 'value': '/sys/fs/cgroup/unified/user.slice/user-1000.slice/user@1000.service/dbus.socket/cgroup.procs'}, {'name': 'flags', 'type': 'int', 'value': 'O_RDONLY|O_CLOEXEC'}, {'name': 'mode', 'type': 'int*', 'value': 184843947}]",1,0,1
273.718399,1,7298,1,0,0,ps,ip-10-100-1-28,3,close,"[140436342933895, 7017784093263946799]",1,0,"[{'name': 'fd', 'type': 'int', 'value': 9}]",0,0,0
1643.426963,1,7351,1,0,0,ps,ip-10-100-1-173,257,openat,[],4,1,"[{'name': 'dirfd', 'type': 'int', 'value': -100}, {'name': 'pathname', 'type': 'const char*', 'value': '/proc/self/stat'}, {'name': 'flags', 'type': 'int', 'value': 'O_RDONLY'}, {'name': 'mode', 'type': 'mode_t', 'value': 45387435}]",0,0,0
337.284875,1,7291,1,0,0,ps,ip-10-100-1-173,3,close,[],1,0,"[{'name': 'fd', 'type': 'int', 'value': 9}]",0,0,0
2495.034922,1,159,0,0,0,systemd-journal,ip-10-100-1-34,1005,security_file_open,"[140172946247460, 8463496752512578864]",4,0,"[{'name': 'pathname', 'type': 'const char*', 'value': '/proc/7405/status'}, {'name': 'flags', 'type': 'int', 'value': 'O_RDONLY|O_LARGEFILE'}, {'name': 'dev', 'type': 'dev_t', 'value': 5}, {'name': 'inode', 'type': 'unsigned long', 'value': 40128}]",0,0,0
460.21562,1,7315,1,0,0,ps,ip-10-100-1-28,257,openat,[],4,1,"[{'name': 'dirfd', 'type': 'int', 'value': -100}, {'name': 'pathname', 'type': 'const char*', 'value': '/proc/12/cmdline'}, {'name': 'flags', 'type': 'int', 'value': 'O_RDONLY'}, {'name': 'mode', 'type': 'mode_t', 'value': 1508777643}]",0,0,0
1851.616601,1,7382,1,0,1,systemd-udevd,ubuntu,3,close,[],1,0,"[{'name': 'fd', 'type': 'int', 'value': 6}]",0,0,0
133.691691,1,822,0,1,0,systemd,ip-10-100-1-57,3,close,[],1,0,"[{'name': 'fd', 'type': 'int', 'value': 20}]",1,0,1
2390.176547,1,1385,0,0,0,amazon-ssm-agen,ip-10-100-1-57,3,close,[],1,0,"[{'name': 'fd', 'type': 'int', 'value': 18}]",0,0,0
1768.197147,1,7423,1,0,0,ps,ip-10-100-1-57,3,close,"[139755801172359, 2048, 8314046599117435508]",1,0,"[{'name': 'fd', 'type': 'int', 'value': 9}]",0,0,0
3322.400062,1,7422,1,0,0,ps,ip-10-100-1-34,257,openat,[],4,1,"[{'name': 'dirfd', 'type': 'int', 'value': -100}, {'name': 'pathname', 'type': 'const char*', 'value': '/proc/475/cmdline'}, {'name': 'flags', 'type': 'int', 'value': 'O_RDONLY'}, {'name': 'mode', 'type': 'mode_t', 'value': 3390746283}]",0,0,0
524.317597,1,7317,1,0,0,ps,ip-10-100-1-57,257,openat,[],4,1,"[{'name': 'dirfd', 'type': 'int', 'value': -100}, {'name': 'pathname', 'type': 'const char*', 'value': '/proc/25/cmdline'}, {'name': 'flags', 'type': 'int', 'value': 'O_RDONLY'}, {'name': 'mode', 'type': 'mode_t', 'value': 3355373227}]",0,0,0
2450.487769,1,7379,1,0,0,ps,ip-10-100-1-28,257,openat,[],4,1,"[{'name': 'dirfd', 'type': 'int', 'value': -100}, {'name': 'pathname', 'type': 'const char*', 'value': '/proc/379/status'}, {'name': 'flags', 'type': 'int', 'value': 'O_RDONLY'}, {'name': 'mode', 'type': 'mode_t', 'value': 1167036075}]",0,0,0
2762.702717,1,7411,1,0,0,ps,ip-10-100-1-34,1005,security_file_open,"[139791561633451, 8319683848551214903]",4,0,"[{'name': 'pathname', 'type': 'const char*', 'value': '/proc/107/status'}, {'name': 'flags', 'type': 'int', 'value': 'O_RDONLY|O_LARGEFILE'}, {'name': 'dev', 'type': 'dev_t', 'value': 5}, {'name': 'inode', 'type': 'unsigned long', 'value': 39095}]",0,0,0
135.032683,1,812,0,1,0,systemd,ip-10-100-1-173,6,lstat,[],2,2,"[{'name': 'pathname', 'type': 'const char*', 'value': '/sys/fs/cgroup/pids/user.slice/user-1000.slice/user@1000.service/snapd.session-agent.socket'}, {'name': 'statbuf', 'type': 'struct stat*', 'value': '0x7FFCCF3366D0'}]",1,0,1
3571.711279,1,7394,1,0,0,ps,ip-10-100-1-173,3,close,"[139747858962823, 2048, 7020360897263857785]",1,0,"[{'name': 'fd', 'type': 'int', 'value': 9}]",0,0,0
916.232235,1,7333,1,0,1,systemd-udevd,ubuntu,3,close,[139692889307527],1,0,"[{'name': 'fd', 'type': 'int', 'value': 6}]",0,0,0
645.956139,1,7338,1,0,0,ps,ip-10-100-1-55,257,openat,[],4,1,"[{'name': 'dirfd', 'type': 'int', 'value': -100}, {'name': 'pathname', 'type': 'const char*', 'value': '/proc/2/cmdline'}, {'name': 'flags', 'type': 'unsigned long', 'value': 'O_RDONLY'}, {'name': 'mode', 'type': 'int*', 'value': 3849653931}]",0,0,0
903.206746,1,159,0,0,0,systemd-journal,ip-10-100-1-120,257,openat,[],4,1,"[{'name': 'dirfd', 'type': 'int', 'value': -100}, {'name': 'pathname', 'type': 'const char*', 'value': '/proc/1/loginuid'}, {'name': 'flags', 'type': 'int', 'value': 'O_RDONLY|O_CLOEXEC'}, {'name': 'mode', 'type': 'int*', 'value': 2925154084}]",0,0,0
1643.112687,1,7372,1,0,0,ps,ip-10-100-1-34,1005,security_file_open,"[140359678348971, 32758250075009335]",4,0,"[{'name': 'pathname', 'type': 'const char*', 'value': '/proc/7171/stat'}, {'name': 'flags', 'type': 'int', 'value': 'O_RDONLY|O_LARGEFILE'}, {'name': 'dev', 'type': 'dev_t', 'value': 5}, {'name': 'inode', 'type': 'unsigned long', 'value': 39215}]",0,0,0
710.270746,1,7331,1,0,0,ps,ip-10-100-1-34,257,openat,[],4,1,"[{'name': 'dirfd', 'type': 'int', 'value': -100}, {'name': 'pathname', 'type': 'const char*', 'value': '/proc/7172/stat'}, {'name': 'flags', 'type': 'int', 'value': 'O_RDONLY'}, {'name': 'mode', 'type': 'mode_t', 'value': 2715852459}]",0,0,0
3609.83852,1,7423,0,0,1,close,ip-10-100-1-120,1010,sched_process_exit,[],0,0,[],1,0,1
404.368102,1,7285,1,0,1,systemd-udevd,ubuntu,5,fstat,[],2,0,"[{'name': 'fd', 'type': 'int', 'value': 6}, {'name': 'statbuf', 'type': 'struct stat*', 'value': '0x7FFFF9A2B050'}]",0,0,0
1766.359872,1,7366,1,0,0,ps,ip-10-100-1-28,1005,security_file_open,"[140018552864427, 7596557092445435956]",4,0,"[{'name': 'pathname', 'type': 'const char*', 'value': '/proc/1648/cmdline'}, {'name': 'flags', 'type': 'int', 'value': 'O_RDONLY|O_LARGEFILE'}, {'name': 'dev', 'type': 'dev_t', 'value': 5}, {'name': 'inode', 'type': 'unsigned long', 'value': 38988}]",0,0,0
2638.762059,1,7379,1,0,0,ps,ip-10-100-1-173,257,openat,[],4,1,"[{'name': 'dirfd', 'type': 'int', 'value': -100}, {'name': 'pathname', 'type': 'const char*', 'value': '/proc/73/cmdline'}, {'name': 'flags', 'type': 'int', 'value': 'O_RDONLY'}, {'name': 'mode', 'type': 'mode_t', 'value': 560860843}]",0,0,0
914.588414,1,7279,1,0,1,systemd-udevd,ubuntu,3,close,[],1,0,"[{'name': 'fd', 'type': 'unsigned int', 'value': 6}]",0,0,0
409.506762,1,7299,1,0,1,systemd-udevd,ubuntu,257,openat,"[140214269714091, 2329578503059742820]",4,1,"[{'name': 'dirfd', 'type': 'int', 'value': -100}, {'name': 'pathname', 'type': 'const char*', 'value': '/'}, {'name': 'flags', 'type': 'int', 'value': 'O_RDONLY|O_DIRECTORY|O_CLOEXEC|O_PATH'}, {'name': 'mode', 'type': 'mode_t', 'value': 767368875}]",0,0,0
647.437474,1,7297,1,0,0,ps,ip-10-100-1-120,3,close,"[139692488726919, 2048, 3611978298749645929]",1,0,"[{'name': 'fd', 'type': 'int', 'value': 9}]",0,0,0
140.418245,1,812,0,1,0,systemd,ip-10-100-1-28,6,lstat,"[140397321201386, 140397317935255, 8304638139926410048]",2,2,"[{'name': 'pathname', 'type': 'const char*', 'value': '/sys/fs/cgroup/devices/user.slice/user-1000.slice/user@1000.service/dirmngr.socket'}, {'name': 'statbuf', 'type': 'struct stat*', 'value': '0x7FFD74CAD040'}]",1,0,1
3818.670206,1,7422,1,0,0,ps,ip-10-100-1-28,3,close,[],1,0,"[{'name': 'fd', 'type': 'int', 'value': 9}]",0,0,0
1518.286309,1,7331,1,0,0,ps,ip-10-100-1-120,257,openat,[],4,1,"[{'name': 'dirfd', 'type': 'int', 'value': -100}, {'name': 'pathname', 'type': 'const char*', 'value': '/proc/7314/status'}, {'name': 'flags', 'type': 'int', 'value': 'O_RDONLY'}, {'name': 'mode', 'type': 'int*', 'value': 1881685675}]",0,0,0
903.008557,1,7341,1,0,1,systemd-udevd,ubuntu,3,close,[],1,0,"[{'name': 'fd', 'type': 'int', 'value': 6}]",0,0,0
916.385801,1,7329,1,0,1,systemd-udevd,ubuntu,3,close,[139692889307527],1,0,"[{'name': 'fd', 'type': 'int', 'value': 15}]",0,0,0
150.619041,1,7285,1,0,0,ps,ip-10-100-1-173,3,close,"[140184767247531, 140184766321343, 140184766318837]",1,0,"[{'name': 'fd', 'type': 'int', 'value': 3}]",0,0,0
2514.323426,1,7377,1,0,0,ps,ip-10-100-1-173,257,openat,[],4,1,"[{'name': 'dirfd', 'type': 'int', 'value': -100}, {'name': 'pathname', 'type': 'const char*', 'value': '/usr/share/locale/locale.alias'}, {'name': 'flags', 'type': 'int', 'value': 'O_RDONLY|O_CLOEXEC'}, {'name': 'mode', 'type': 'mode_t', 'value': 554190428}]",0,0,0
140.423187,1,812,0,1,0,systemd,ip-10-100-1-28,6,lstat,[],2,2,"[{'name': 'pathname', 'type': 'const char*', 'value': '/sys/fs/cgroup/blkio/user.slice/user-1000.slice/user@1000.service/gpg-agent-extra.socket'}, {'name': 'statbuf', 'type': 'struct stat*', 'value': '0x7FFD74CAD040'}]",1,0,1
1392.402891,1,7371,1,0,0,ps,ip-10-100-1-55,1005,security_file_open,"[140607719390891, 8463496752512577847]",4,0,"[{'name': 'pathname', 'type': 'const char*', 'value': '/proc/7171/status'}, {'name': 'flags', 'type': 'unsigned long', 'value': 'O_RDONLY|O_LARGEFILE'}, {'name': 'dev', 'type': 'dev_t', 'value': 5}, {'name': 'inode', 'type': 'unsigned long', 'value': 39034}]",0,0,0
133.707583,1,7271,1,0,1,systemd-udevd,ubuntu,257,openat,[],4,1,"[{'name': 'dirfd', 'type': 'int', 'value': 6}, {'name': 'pathname', 'type': 'const char*', 'value': 'virtual'}, {'name': 'flags', 'type': 'unsigned int', 'value': 'O_RDONLY|O_NOFOLLOW|O_CLOEXEC|O_PATH'}, {'name': 'mode', 'type': 'mode_t', 'value': 3372970022}]",0,0,0
1822.981043,1,7433,1,0,1,systemd-udevd,ubuntu,21,access,"[140686287434411, 94818429315824]",2,0,"[{'name': 'pathname', 'type': 'const char*', 'value': '/sys/class/dmi/id'}, {'name': 'mode', 'type': 'mode_t', 'value': 'F_OK'}]",0,0,0
2763.372136,1,7545,1,0,0,ps,ip-10-100-1-57,3,close,[],1,0,"[{'name': 'fd', 'type': 'int', 'value': 9}]",0,0,0
444.494547,1,7323,1,0,1,systemd-udevd,ubuntu,3,close,[],1,0,"[{'name': 'fd', 'type': 'int', 'value': 6}]",0,0,0
3073.174201,1,7377,1,0,0,ps,ip-10-100-1-120,1005,security_file_open,[],4,0,"[{'name': 'pathname', 'type': 'const char*', 'value': '/proc/2/status'}, {'name': 'flags', 'type': 'int', 'value': 'O_RDONLY|O_LARGEFILE'}, {'name': 'dev', 'type': 'dev_t', 'value': 5}, {'name': 'inode', 'type': 'unsigned long', 'value': 38680}]",0,0,0
134.406187,1,837,0,1,0,systemd,ip-10-100-1-120,257,openat,[],4,2,"[{'name': 'dirfd', 'type': 'int', 'value': -100}, {'name': 'pathname', 'type': 'const char*', 'value': '/sys/fs/cgroup/unified/user.slice/user-1000.slice/user@1000.service/gpg-agent-extra.socket/cgroup.procs'}, {'name': 'flags', 'type': 'int', 'value': 'O_RDONLY|O_CLOEXEC'}, {'name': 'mode', 'type': 'int*', 'value': 184843947}]",1,0,1
2815.256432,1,7550,1,0,0,sshd,ip-10-100-1-57,3,close,[140123590781319],1,0,"[{'name': 'fd', 'type': 'int', 'value': 4}]",0,0,0
1822.961997,1,7433,1,0,1,systemd-udevd,ubuntu,1005,security_file_open,[],4,0,"[{'name': 'pathname', 'type': 'const char*', 'value': '/proc/7433/oom_score_adj'}, {'name': 'flags', 'type': 'int', 'value': 'O_WRONLY|O_NOCTTY|O_LARGEFILE'}, {'name': 'dev', 'type': 'dev_t', 'value': 5}, {'name': 'inode', 'type': 'unsigned long', 'value': 42015}]",0,0,0
709.597797,1,7299,1,0,0,ps,ip-10-100-1-120,3,close,[],1,0,"[{'name': 'fd', 'type': 'int', 'value': 3}]",0,0,0
2575.609972,1,7364,1,0,0,ps,ip-10-100-1-120,257,openat,[],4,1,"[{'name': 'dirfd', 'type': 'int', 'value': -100}, {'name': 'pathname', 'type': 'const char*', 'value': '/proc/77/stat'}, {'name': 'flags', 'type': 'int', 'value': 'O_RDONLY'}, {'name': 'mode', 'type': 'int*', 'value': 1346080427}]",0,0,0
2918.667768,1,500,0,0,1,systemd-logind,ip-10-100-1-57,41,socket,[],3,1,"[{'name': 'domain', 'type': 'int', 'value': 'AF_UNIX'}, {'name': 'type', 'type': 'const char*', 'value': 'SOCK_DGRAM|SOCK_CLOEXEC'}, {'name': 'protocol', 'type': 'int', 'value': 0}]",0,0,0
135.103817,1,7266,0,0,0,systemd-user-ru,ip-10-100-1-173,21,access,[],2,2,"[{'name': 'pathname', 'type': 'const char*', 'value': '/sys/firmware/efi/'}, {'name': 'mode', 'type': 'mode_t', 'value': 'F_OK'}]",0,0,0
135.045026,1,812,0,1,0,systemd,ip-10-100-1-173,3,close,[],1,0,"[{'name': 'fd', 'type': 'int', 'value': 9}]",1,0,1
710.555345,1,7309,1,0,0,ps,ip-10-100-1-173,1005,security_file_open,"[140103465963179, 7956009395314437945]",4,0,"[{'name': 'pathname', 'type': 'const char*', 'value': '/proc/159/cmdline'}, {'name': 'flags', 'type': 'int', 'value': 'O_RDONLY|O_LARGEFILE'}, {'name': 'dev', 'type': 'dev_t', 'value': 5}, {'name': 'inode', 'type': 'unsigned long', 'value': 38818}]",0,0,0
3819.891912,1,7432,1,0,0,ps,ip-10-100-1-34,1005,security_file_open,[],4,0,"[{'name': 'pathname', 'type': 'const char*', 'value': '/proc/271/cmdline'}, {'name': 'flags', 'type': 'int', 'value': 'O_RDONLY|O_LARGEFILE'}, {'name': 'dev', 'type': 'dev_t', 'value': 5}, {'name': 'inode', 'type': 'unsigned long', 'value': 39123}]",0,0,0
3198.030668,1,7420,1,0,0,ps,ip-10-100-1-34,1005,security_file_open,"[139842306629291, 8319683848551214904]",4,0,"[{'name': 'pathname', 'type': 'const char*', 'value': '/proc/198/status'}, {'name': 'flags', 'type': 'int', 'value': 'O_RDONLY|O_LARGEFILE'}, {'name': 'dev', 'type': 'dev_t', 'value': 5}, {'name': 'inode', 'type': 'unsigned long', 'value': 39113}]",0,0,0
1082.123499,1,7339,1,0,0,ps,ip-10-100-1-28,257,openat,[],4,1,"[{'name': 'dirfd', 'type': 'int', 'value': -100}, {'name': 'pathname', 'type': 'const char*', 'value': '/usr/lib/locale/C.UTF-8/LC_CTYPE'}, {'name': 'flags', 'type': 'int', 'value': 'O_RDONLY|O_CLOEXEC'}, {'name': 'mode', 'type': 'mode_t', 'value': 4055574108}]",0,0,0
647.546515,1,7297,1,0,0,ps,ip-10-100-1-120,1005,security_file_open,"[139692488724139, 8319683848551214903]",4,0,"[{'name': 'pathname', 'type': 'const char*', 'value': '/proc/657/status'}, {'name': 'flags', 'type': 'int', 'value': 'O_RDONLY|O_LARGEFILE'}, {'name': 'dev', 'type': 'dev_t', 'value': 5}, {'name': 'inode', 'type': 'unsigned long', 'value': 38921}]",0,0,0
645.955656,1,7338,1,0,0,ps,ip-10-100-1-55,1005,security_file_open,[],4,0,"[{'name': 'pathname', 'type': 'const char*', 'value': '/proc/2/status'}, {'name': 'flags', 'type': 'unsigned long', 'value': 'O_RDONLY|O_LARGEFILE'}, {'name': 'dev', 'type': 'dev_t', 'value': 5}, {'name': 'inode', 'type': 'unsigned long', 'value': 38760}]",0,0,0
140.423077,1,812,0,1,0,systemd,ip-10-100-1-28,6,lstat,[],2,2,"[{'name': 'pathname', 'type': 'const char*', 'value': '/sys/fs/cgroup/unified/user.slice/user-1000.slice/user@1000.service/gpg-agent-extra.socket'}, {'name': 'statbuf', 'type': 'struct stat*', 'value': '0x7FFD74CAD040'}]",1,0,1
708.246298,1,7340,1,0,0,ps,ip-10-100-1-55,4,stat,[],2,0,"[{'name': 'pathname', 'type': 'const char*', 'value': '/proc/273'}, {'name': 'statbuf', 'type': 'struct stat*', 'value': '0x7F7B4231E680'}]",0,0,0
3156.864409,1,7591,1,0,0,sshd,ip-10-100-1-57,33,dup2,[],2,1,"[{'name': 'oldfd', 'type': 'int', 'value': 9}, {'name': 'newfd', 'type': 'int', 'value': 5}]",0,0,0
1809.478327,0,1,0,0,0,systemd,ip-10-100-1-57,5,fstat,[],2,0,"[{'name': 'fd', 'type': 'int', 'value': 12}, {'name': 'statbuf', 'type': 'struct stat*', 'value': '0x7FFE869D7750'}]",0,0,0
250.142897,1,306,0,0,1,systemd-timesyn,ubuntu,41,socket,"[140016108992779, 140016105826553]",3,1,"[{'name': 'domain', 'type': 'int', 'value': 'AF_UNIX'}, {'name': 'type', 'type': 'int', 'value': 'SOCK_DGRAM|SOCK_CLOEXEC'}, {'name': 'protocol', 'type': 'int', 'value': 0}]",0,0,0
1332.163267,1,7366,1,0,0,ps,ip-10-100-1-34,3,close,[],1,0,"[{'name': 'fd', 'type': 'int', 'value': 9}]",0,0,0
2312.644497,1,7490,1,0,0,sshd,ip-10-100-1-57,217,getdents64,[139708620207163],3,1,"[{'name': 'fd', 'type': 'int', 'value': 8}, {'name': 'dirp', 'type': 'struct linux_dirent64*', 'value': '0x55CBDFCFAD20'}, {'name': 'count', 'type': 'size_t', 'value': 32768}]",0,0,0
140.41908,1,812,0,1,0,systemd,ip-10-100-1-28,3,close,[140397321206151],1,0,"[{'name': 'fd', 'type': 'int', 'value': 27}]",1,0,1
3071.288215,1,7418,1,0,0,ps,ip-10-100-1-55,3,close,[140455822464171],1,0,"[{'name': 'fd', 'type': 'int', 'value': 3}]",0,0,0
897.089906,1,7312,1,0,0,ps,ip-10-100-1-173,257,openat,[],4,1,"[{'name': 'dirfd', 'type': 'int', 'value': -100}, {'name': 'pathname', 'type': 'const char*', 'value': '/proc/14/cmdline'}, {'name': 'flags', 'type': 'int', 'value': 'O_RDONLY'}, {'name': 'mode', 'type': 'mode_t', 'value': 2156392107}]",0,0,0
1823.278595,1,7322,1,0,1,systemd-udevd,ubuntu,3,close,[],1,0,"[{'name': 'fd', 'type': 'unsigned int', 'value': 15}]",0,0,0
135.623741,1,7270,1,0,1,systemd-udevd,ubuntu,3,close,[140214269716871],1,0,"[{'name': 'fd', 'type': 'int', 'value': 15}]",0,0,0
3571.889678,1,7637,1,0,0,ps,ip-10-100-1-57,3,close,"[139953940810119, 2048, 3707922036583789167]",1,0,"[{'name': 'fd', 'type': 'int', 'value': 9}]",0,0,0
1580.904776,1,7371,1,0,0,ps,ip-10-100-1-34,257,openat,[],4,1,"[{'name': 'dirfd', 'type': 'int', 'value': -100}, {'name': 'pathname', 'type': 'const char*', 'value': '/proc/502/cmdline'}, {'name': 'flags', 'type': 'int', 'value': 'O_RDONLY'}, {'name': 'mode', 'type': 'mode_t', 'value': 4268908203}]",0,0,0
133.681824,1,822,0,1,0,systemd,ip-10-100-1-57,6,lstat,[],2,2,"[{'name': 'pathname', 'type': 'const char*', 'value': '/sys/fs/cgroup/blkio/user.slice/user-1000.slice/user@1000.service/gpg-agent.socket'}, {'name': 'statbuf', 'type': 'struct stat*', 'value': '0x7FFC29893C10'}]",1,0,1
3383.247648,1,7408,1,0,0,ps,ip-10-100-1-28,1005,security_file_open,[],4,0,"[{'name': 'pathname', 'type': 'const char*', 'value': '/proc/11/cmdline'}, {'name': 'flags', 'type': 'int', 'value': 'O_RDONLY|O_LARGEFILE'}, {'name': 'dev', 'type': 'dev_t', 'value': 5}, {'name': 'inode', 'type': 'unsigned long', 'value': 38763}]",0,0,0
2887.760486,1,7559,1,0,0,ps,ip-10-100-1-57,257,openat,[],4,1,"[{'name': 'dirfd', 'type': 'int', 'value': -100}, {'name': 'pathname', 'type': 'const char*', 'value': '/proc/9/cmdline'}, {'name': 'flags', 'type': 'int', 'value': 'O_RDONLY'}, {'name': 'mode', 'type': 'mode_t', 'value': 1179266731}]",0,0,0
3828.044776,0,1,0,0,0,systemd,ip-10-100-1-173,62,kill,[],2,0,"[{'name': 'pid', 'type': 'pid_t', 'value': 474}, {'name': 'sig', 'type': 'int', 'value': 18}]",0,0,0
1877.308302,1,159,0,0,0,systemd-journal,ip-10-100-1-57,1003,cap_capable,[],1,0,"[{'name': 'cap', 'type': 'int', 'value': 'CAP_KILL'}]",0,0,0
959.316788,1,7326,1,0,0,ps,ip-10-100-1-173,257,openat,[],4,1,"[{'name': 'dirfd', 'type': 'int', 'value': -100}, {'name': 'pathname', 'type': 'const char*', 'value': '/proc/78/status'}, {'name': 'flags', 'type': 'int', 'value': 'O_RDONLY'}, {'name': 'mode', 'type': 'mode_t', 'value': 1326464683}]",0,0,0
3321.199599,1,7407,1,0,0,ps,ip-10-100-1-28,257,openat,[],4,1,"[{'name': 'dirfd', 'type': 'int', 'value': -100}, {'name': 'pathname', 'type': 'const char*', 'value': '/proc/7402/status'}, {'name': 'flags', 'type': 'int', 'value': 'O_RDONLY'}, {'name': 'mode', 'type': 'mode_t', 'value': 251412139}]",0,0,0
140.420224,1,812,0,1,0,systemd,ip-10-100-1-28,257,openat,[],4,2,"[{'name': 'dirfd', 'type': 'int', 'value': -100}, {'name': 'pathname', 'type': 'const char*', 'value': '/sys/fs/cgroup/unified/user.slice/user-1000.slice/user@1000.service/gpg-agent-extra.socket'}, {'name': 'flags', 'type': 'int', 'value': 'O_RDONLY|O_NONBLOCK|O_DIRECTORY|O_CLOEXEC'}, {'name': 'mode', 'type': 'mode_t', 'value': 3430254172}]",1,0,1
3195.753972,1,7420,1,0,0,ps,ip-10-100-1-55,3,close,"[139969661102471, 2048, 7017784093247960431]",1,0,"[{'name': 'fd', 'type': 'int', 'value': 9}]",0,0,0
1269.904441,1,7364,1,0,0,ps,ip-10-100-1-34,3,close,"[140561091627399, 2048, 3611967303634220845]",1,0,"[{'name': 'fd', 'type': 'int', 'value': 9}]",0,0,0
1207.766684,1,7353,1,0,0,ps,ip-10-100-1-34,3,close,"[140281340168583, 2048, 8314046599116646768]",1,0,"[{'name': 'fd', 'type': 'int', 'value': 9}]",0,0,0
3156.900409,1,7591,1,0,0,sshd,ip-10-100-1-57,3,close,"[140141151447431, 94154551826896, 110399776305006]",1,0,"[{'name': 'fd', 'type': 'int', 'value': 4}]",0,0,0
3074.237284,1,7386,1,0,0,ps,ip-10-100-1-173,3,close,"[140355581774215, 2048, 2329240794447569761]",1,0,"[{'name': 'fd', 'type': 'int', 'value': 9}]",0,0,0
212.230045,1,7276,1,0,0,ps,ip-10-100-1-79,257,openat,[],4,1,"[{'name': 'dirfd', 'type': 'int', 'value': -100}, {'name': 'pathname', 'type': 'const char*', 'value': '/proc/11/stat'}, {'name': 'flags', 'type': 'int', 'value': 'O_RDONLY'}, {'name': 'mode', 'type': 'mode_t', 'value': 2071101099}]",0,0,0
140.423287,1,812,0,1,0,systemd,ip-10-100-1-28,6,lstat,[],2,2,"[{'name': 'pathname', 'type': 'const char*', 'value': '/sys/fs/cgroup/pids/user.slice/user-1000.slice/user@1000.service/gpg-agent-extra.socket'}, {'name': 'statbuf', 'type': 'struct stat*', 'value': '0x7FFD74CAD040'}]",1,0,1
586.640795,1,7322,1,0,0,ps,ip-10-100-1-57,3,close,[],1,0,"[{'name': 'fd', 'type': 'int', 'value': 2}]",0,0,0
914.589425,1,7346,1,0,1,systemd-udevd,ubuntu,257,openat,[],4,1,"[{'name': 'dirfd', 'type': 'int', 'value': 6}, {'name': 'pathname', 'type': 'const char*', 'value': 'sys'}, {'name': 'flags', 'type': 'unsigned long', 'value': 'O_RDONLY|O_NOFOLLOW|O_CLOEXEC|O_PATH'}, {'name': 'mode', 'type': 'int*', 'value': 1215512614}]",0,0,0
1332.808274,1,7378,1,0,0,ps,ip-10-100-1-57,4,stat,[],2,0,"[{'name': 'pathname', 'type': 'const char*', 'value': '/proc/12'}, {'name': 'statbuf', 'type': 'struct stat*', 'value': '0x7FB6611C4680'}]",0,0,0
140.454701,1,7279,0,0,0,(time-dir),ip-10-100-1-28,3,close,[],1,0,"[{'name': 'fd', 'type': 'int', 'value': 16}]",0,0,0
2575.701422,1,7364,1,0,0,ps,ip-10-100-1-120,257,openat,[],4,1,"[{'name': 'dirfd', 'type': 'int', 'value': -100}, {'name': 'pathname', 'type': 'const char*', 'value': '/proc/4209/stat'}, {'name': 'flags', 'type': 'int', 'value': 'O_RDONLY'}, {'name': 'mode', 'type': 'int*', 'value': 1346080427}]",0,0,0
2514.315639,1,7377,1,0,0,ps,ip-10-100-1-173,5,fstat,"[139857575501097, 139857575417371]",2,0,"[{'name': 'fd', 'type': 'int', 'value': 3}, {'name': 'statbuf', 'type': 'struct stat*', 'value': '0x7FFFD938EDA0'}]",0,0,0
140.417482,1,812,0,1,0,systemd,ip-10-100-1-28,1006,security_inode_unlink,"[140397321211451, 94542855497832, 94542855571838]",1,0,"[{'name': 'pathname', 'type': 'const char*', 'value': '/systemd/units/invocation:dbus.socket'}]",1,0,1
2017.121039,1,7463,1,0,0,ps,ip-10-100-1-57,3,close,[],1,0,"[{'name': 'fd', 'type': 'int', 'value': 9}]",0,0,0
3508.68249,1,7407,1,0,0,ps,ip-10-100-1-120,257,openat,[],4,1,"[{'name': 'dirfd', 'type': 'int', 'value': -100}, {'name': 'pathname', 'type': 'const char*', 'value': '/proc/90/stat'}, {'name': 'flags', 'type': 'int', 'value': 'O_RDONLY'}, {'name': 'mode', 'type': 'int*', 'value': 3914092203}]",0,0,0
213.332896,1,7295,1,0,0,ps,ip-10-100-1-57,1005,security_file_open,[],4,0,"[{'name': 'pathname', 'type': 'const char*', 'value': '/proc/9/cmdline'}, {'name': 'flags', 'type': 'int', 'value': 'O_RDONLY|O_LARGEFILE'}, {'name': 'dev', 'type': 'dev_t', 'value': 5}, {'name': 'inode', 'type': 'unsigned long', 'value': 38655}]",0,0,0
1892.548186,1,7453,1,0,0,ps,ip-10-100-1-57,257,openat,[],4,1,"[{'name': 'dirfd', 'type': 'int', 'value': -100}, {'name': 'pathname', 'type': 'const char*', 'value': '/proc/73/stat'}, {'name': 'flags', 'type': 'int', 'value': 'O_RDONLY'}, {'name': 'mode', 'type': 'mode_t', 'value': 1389997739}]",0,0,0
3261.01644,1,7604,1,0,0,ps,ip-10-100-1-57,1005,security_file_open,"[140613755293355, 8463496752512578100]",4,0,"[{'name': 'pathname', 'type': 'const char*', 'value': '/proc/7142/status'}, {'name': 'flags', 'type': 'int', 'value': 'O_RDONLY|O_LARGEFILE'}, {'name': 'dev', 'type': 'dev_t', 'value': 5}, {'name': 'inode', 'type': 'unsigned long', 'value': 45390}]",0,0,0
3268.000091,1,7509,1,0,1,systemd-udevd,ubuntu,3,close,[],1,0,"[{'name': 'fd', 'type': 'int', 'value': 15}]",0,0,0
140.41797,1,812,0,1,0,systemd,ip-10-100-1-28,6,lstat,"[140397321201386, 140397317935255, 8751406006747098624]",2,2,"[{'name': 'pathname', 'type': 'const char*', 'value': '/sys/fs/cgroup/unified/user.slice/user-1000.slice/user@1000.service/dirmngr.socket'}, {'name': 'statbuf', 'type': 'struct stat*', 'value': '0x7FFD74CAD040'}]",1,0,1
1270.368611,1,7332,1,0,0,ps,ip-10-100-1-173,3,close,"[140092607138183, 7744330338682236975]",1,0,"[{'name': 'fd', 'type': 'int', 'value': 9}]",0,0,0
894.888429,1,7344,1,0,0,ps,ip-10-100-1-55,1010,sched_process_exit,[],0,0,[],0,0,0
3304.003331,1,7390,1,0,0,sshd,ip-10-100-1-120,5,fstat,[],2,0,"[{'name': 'fd', 'type': 'int', 'value': 5}, {'name': 'statbuf', 'type': 'struct stat*', 'value': '0x7FFC9D973600'}]",0,0,0
2638.341267,1,7409,1,0,0,ps,ip-10-100-1-34,257,openat,[],4,1,"[{'name': 'dirfd', 'type': 'int', 'value': -100}, {'name': 'pathname', 'type': 'const char*', 'value': '/proc/272/status'}, {'name': 'flags', 'type': 'int', 'value': 'O_RDONLY'}, {'name': 'mode', 'type': 'mode_t', 'value': 2575199915}]",0,0,0
398.898929,1,7282,1,0,0,ps,ip-10-100-1-79,257,openat,[],4,1,"[{'name': 'dirfd', 'type': 'int', 'value': -100}, {'name': 'pathname', 'type': 'const char*', 'value': '/proc/82/status'}, {'name': 'flags', 'type': 'int', 'value': 'O_RDONLY'}, {'name': 'mode', 'type': 'mode_t', 'value': 2000199339}]",0,0,0
2576.083198,1,7408,1,0,0,ps,ip-10-100-1-34,3,close,"[139689999083911, 2048, 3611978298749645929]",1,0,"[{'name': 'fd', 'type': 'int', 'value': 9}]",0,0,0
135.03932,1,812,0,1,0,systemd,ip-10-100-1-173,6,lstat,[],2,2,"[{'name': 'pathname', 'type': 'const char*', 'value': '/sys/fs/cgroup/cpu/user.slice/user-1000.slice/user@1000.service/systemd-exit.service'}, {'name': 'statbuf', 'type': 'struct stat*', 'value': '0x7FFCCF336680'}]",1,0,1
213.351735,1,7295,1,0,0,ps,ip-10-100-1-57,257,openat,[],4,1,"[{'name': 'dirfd', 'type': 'int', 'value': -100}, {'name': 'pathname', 'type': 'const char*', 'value': '/proc/22/stat'}, {'name': 'flags', 'type': 'int', 'value': 'O_RDONLY'}, {'name': 'mode', 'type': 'mode_t', 'value': 3579911851}]",0,0,0
903.79674,1,7345,1,0,1,systemd-udevd,ubuntu,5,fstat,[],2,0,"[{'name': 'fd', 'type': 'int', 'value': 15}, {'name': 'statbuf', 'type': 'struct stat*', 'value': '0x7FFD736B61E0'}]",0,0,0
2746.784871,1,7770,1,0,1,systemd-udevd,ubuntu,3,close,[],1,0,"[{'name': 'fd', 'type': 'int', 'value': 6}]",0,0,0
1268.701345,1,7343,1,0,0,ps,ip-10-100-1-28,257,openat,[],4,1,"[{'name': 'dirfd', 'type': 'int', 'value': -100}, {'name': 'pathname', 'type': 'const char*', 'value': '/proc/4/cmdline'}, {'name': 'flags', 'type': 'int', 'value': 'O_RDONLY'}, {'name': 'mode', 'type': 'mode_t', 'value': 1688338091}]",0,0,0
3696.26397,1,7650,1,0,0,ps,ip-10-100-1-57,3,close,"[139816496834951, 2048, 4192903421456249455]",1,0,"[{'name': 'fd', 'type': 'int', 'value': 9}]",0,0,0
3136.410914,1,7387,1,0,0,ps,ip-10-100-1-173,257,openat,[],4,1,"[{'name': 'dirfd', 'type': 'int', 'value': -100}, {'name': 'pathname', 'type': 'const char*', 'value': '/proc/3962/stat'}, {'name': 'flags', 'type': 'int', 'value': 'O_RDONLY'}, {'name': 'mode', 'type': 'mode_t', 'value': 2285035179}]",0,0,0
134.42349,1,837,0,1,0,systemd,ip-10-100-1-120,3,close,[140467090262407],1,0,"[{'name': 'fd', 'type': 'int', 'value': 5}]",1,0,1
905.258845,1,7324,0,0,0,systemd-tmpfile,ip-10-100-1-28,6,lstat,[],2,0,"[{'name': 'pathname', 'type': 'const char*', 'value': '/tmp/systemd-private-e23bfe7c3f54497ea412f733c66d845b-systemd-timesyncd.service-g3D3Ti/tmp'}, {'name': 'statbuf', 'type': 'struct stat*', 'value': '0x7FFFD18DFFE0'}]",0,0,0
1864.669514,1,7472,1,0,1,systemd-udevd,ubuntu,1005,security_file_open,"[139692889304747, 8244250539049968489]",4,0,"[{'name': 'pathname', 'type': 'const char*', 'value': '/sys/devices/virtual/dmi/id/sys_vendor'}, {'name': 'flags', 'type': 'unsigned int', 'value': 'O_RDONLY|O_LARGEFILE'}, {'name': 'dev', 'type': 'dev_t', 'value': 22}, {'name': 'inode', 'type': 'unsigned long', 'value': 721}]",0,0,0
1208.17371,1,7331,1,0,0,ps,ip-10-100-1-173,3,close,"[139876776397191, 3706022037793894447]",1,0,"[{'name': 'fd', 'type': 'int', 'value': 9}]",0,0,0
1197.440781,1,159,0,0,0,systemd-journal,ip-10-100-1-57,1005,security_file_open,"[140096430554916, 7956003944980756022]",4,0,"[{'name': 'pathname', 'type': 'const char*', 'value': '/proc/7366/loginuid'}, {'name': 'flags', 'type': 'int', 'value': 'O_RDONLY|O_LARGEFILE'}, {'name': 'dev', 'type': 'dev_t', 'value': 5}, {'name': 'inode', 'type': 'unsigned long', 'value': 40292}]",0,0,0
3444.418048,1,7424,1,0,0,ps,ip-10-100-1-55,1005,security_file_open,[],4,0,"[{'name': 'pathname', 'type': 'const char*', 'value': '/proc/519/cmdline'}, {'name': 'flags', 'type': 'unsigned long', 'value': 'O_RDONLY|O_LARGEFILE'}, {'name': 'dev', 'type': 'dev_t', 'value': 5}, {'name': 'inode', 'type': 'unsigned long', 'value': 38987}]",0,0,0
2452.19955,1,7508,1,0,0,sshd,ip-10-100-1-57,3,close,[],1,0,"[{'name': 'fd', 'type': 'int', 'value': 3}]",0,0,0
134.406248,1,837,0,1,0,systemd,ip-10-100-1-120,257,openat,[],4,2,"[{'name': 'dirfd', 'type': 'int', 'value': -100}, {'name': 'pathname', 'type': 'const char*', 'value': '/sys/fs/cgroup/unified/user.slice/user-1000.slice/user@1000.service/gpg-agent-extra.socket/cgroup.procs'}, {'name': 'flags', 'type': 'int', 'value': 'O_RDONLY|O_CLOEXEC'}, {'name': 'mode', 'type': 'int*', 'value': 184843947}]",1,0,1
143.619258,1,7289,1,0,1,systemd-udevd,ubuntu,257,openat,"[139692889304747, 3111813020014358390]",4,2,"[{'name': 'dirfd', 'type': 'int', 'value': -100}, {'name': 'pathname', 'type': 'const char*', 'value': '/run/udev/data/+cgroup:pid(985:user-runtime-dir@1000.service)'}, {'name': 'flags', 'type': 'unsigned int', 'value': 'O_RDONLY|O_CLOEXEC'}, {'name': 'mode', 'type': 'mode_t', 'value': 3372969643}]",0,0,0
2698.364508,1,7412,1,0,0,ps,ip-10-100-1-55,3,close,"[140382109620615, 8462391747554389280]",1,0,"[{'name': 'fd', 'type': 'int', 'value': 9}]",0,0,0
3931.306628,0,1,0,0,0,systemd,ip-10-100-1-57,6,lstat,[],2,0,"[{'name': 'pathname', 'type': 'const char*', 'value': '/sys/fs/cgroup/unified/system.slice/system-modprobe.slice'}, {'name': 'statbuf', 'type': 'struct stat*', 'value': '0x7FFE869D7750'}]",0,0,0
3506.578697,1,7425,1,0,0,ps,ip-10-100-1-55,1005,security_file_open,[],4,0,"[{'name': 'pathname', 'type': 'const char*', 'value': '/proc/477/status'}, {'name': 'flags', 'type': 'unsigned long', 'value': 'O_RDONLY|O_LARGEFILE'}, {'name': 'dev', 'type': 'dev_t', 'value': 5}, {'name': 'inode', 'type': 'unsigned long', 'value': 38967}]",0,0,0
2646.315808,1,7528,1,0,0,sshd,ip-10-100-1-57,4,stat,[],2,0,"[{'name': 'pathname', 'type': 'const char*', 'value': '/etc/pam.d'}, {'name': 'statbuf', 'type': 'struct stat*', 'value': '0x7FFDECC89E70'}]",0,0,0
3569.900993,1,7412,1,0,0,ps,ip-10-100-1-28,1005,security_file_open,[],4,0,"[{'name': 'pathname', 'type': 'const char*', 'value': '/proc/159/stat'}, {'name': 'flags', 'type': 'int', 'value': 'O_RDONLY|O_LARGEFILE'}, {'name': 'dev', 'type': 'dev_t', 'value': 5}, {'name': 'inode', 'type': 'unsigned long', 'value': 38887}]",0,0,0
133.676707,1,822,0,1,0,systemd,ip-10-100-1-57,6,lstat,[],2,2,"[{'name': 'pathname', 'type': 'const char*', 'value': '/sys/fs/cgroup/cpu/user.slice/user-1000.slice/user@1000.service/gpg-agent-browser.socket'}, {'name': 'statbuf', 'type': 'struct stat*', 'value': '0x7FFC29893C10'}]",1,0,1
2825.326469,1,7382,1,0,0,ps,ip-10-100-1-173,1005,security_file_open,[],4,0,"[{'name': 'pathname', 'type': 'const char*', 'value': '/proc/9/status'}, {'name': 'flags', 'type': 'int', 'value': 'O_RDONLY|O_LARGEFILE'}, {'name': 'dev', 'type': 'dev_t', 'value': 5}, {'name': 'inode', 'type': 'unsigned long', 'value': 39823}]",0,0,0
399.225178,1,7314,1,0,0,ps,ip-10-100-1-34,3,close,[],1,0,"[{'name': 'fd', 'type': 'int', 'value': 9}]",0,0,0
2260.523588,1,7486,1,0,0,sshd,ip-10-100-1-57,1005,security_file_open,[],4,0,"[{'name': 'pathname', 'type': 'const char*', 'value': '/usr/lib/x86_64-linux-gnu/security/pam_deny.so'}, {'name': 'flags', 'type': 'int', 'value': 'O_RDONLY|O_LARGEFILE'}, {'name': 'dev', 'type': 'dev_t', 'value': 211812353}, {'name': 'inode', 'type': 'unsigned long', 'value': 3759}]",0,0,0
903.458596,1,7335,0,0,0,systemd-tmpfile,ip-10-100-1-34,257,openat,[],4,2,"[{'name': 'dirfd', 'type': 'int', 'value': 4}, {'name': 'pathname', 'type': 'const char*', 'value': 'systemd-private-e049694d2dff49a3b80948a624714de2-*'}, {'name': 'flags', 'type': 'int', 'value': 'O_RDONLY|O_NOFOLLOW|O_CLOEXEC|O_PATH'}, {'name': 'mode', 'type': 'mode_t', 'value': 3395702822}]",0,0,0
1205.836509,1,7366,1,0,0,ps,ip-10-100-1-55,4,stat,[140042510591530],2,0,"[{'name': 'pathname', 'type': 'const char*', 'value': '/proc/7166'}, {'name': 'statbuf', 'type': 'struct stat*', 'value': '0x7F5E3028A680'}]",0,0,0
3011.101056,1,7375,1,0,0,ps,ip-10-100-1-120,257,openat,[],4,1,"[{'name': 'dirfd', 'type': 'int', 'value': -100}, {'name': 'pathname', 'type': 'const char*', 'value': '/proc/3976/stat'}, {'name': 'flags', 'type': 'int', 'value': 'O_RDONLY'}, {'name': 'mode', 'type': 'int*', 'value': 2619145899}]",0,0,0
140.425646,1,812,0,1,0,systemd,ip-10-100-1-28,6,lstat,[],2,2,"[{'name': 'pathname', 'type': 'const char*', 'value': '/sys/fs/cgroup/unified/user.slice/user-1000.slice/user@1000.service/systemd-exit.service'}, {'name': 'statbuf', 'type': 'struct stat*', 'value': '0x7FFD74CACFF0'}]",1,0,1
1517.613642,1,7360,1,0,0,ps,ip-10-100-1-28,4,stat,[139879897851434],2,0,"[{'name': 'pathname', 'type': 'const char*', 'value': '/proc/7344'}, {'name': 'statbuf', 'type': 'struct stat*', 'value': '0x7F3853AF2680'}]",0,0,0
903.461663,1,7303,0,0,0,systemd-tmpfile,ip-10-100-1-120,3,close,[],1,0,"[{'name': 'fd', 'type': 'int', 'value': 4}]",0,0,0
3160.96028,1,7591,1,0,0,sshd,ip-10-100-1-57,3,close,[],1,0,"[{'name': 'fd', 'type': 'int', 'value': 5}]",0,0,0
3261.021697,1,7604,1,0,0,ps,ip-10-100-1-57,257,openat,[],4,1,"[{'name': 'dirfd', 'type': 'int', 'value': -100}, {'name': 'pathname', 'type': 'const char*', 'value': '/proc/7204/stat'}, {'name': 'flags', 'type': 'int', 'value': 'O_RDONLY'}, {'name': 'mode', 'type': 'mode_t', 'value': 820989611}]",0,0,0
625.689077,1,381,0,0,1,systemd-network,ip-10-100-1-120,3,close,[140662171777451],1,0,"[{'name': 'fd', 'type': 'int', 'value': 15}]",0,0,0
906.53853,1,7321,1,0,1,systemd-udevd,ubuntu,21,access,"[140214269715115, 94572658728431, 7579392616441017203]",2,0,"[{'name': 'pathname', 'type': 'const char*', 'value': '/sys/devices/virtual/dmi/id/uevent'}, {'name': 'mode', 'type': 'mode_t', 'value': 'F_OK'}]",0,0,0
133.669946,1,822,0,1,0,systemd,ip-10-100-1-57,5,fstat,[140407934207625],2,0,"[{'name': 'fd', 'type': 'int', 'value': 22}, {'name': 'statbuf', 'type': 'struct stat*', 'value': '0x7FFC29893AB0'}]",1,0,1
